Currency,Unit,,Description,Q1 05,Q2 05,Q3 05,Q4 05,Q1 06,Q2 06,Q3 06,Q4 06,Q1 07,Q2 07,Q3 07,Q4 07,Q1 08,Q2 08,Q3 08,Q4 08,Q1 09,Q2 09,Q3 09,Q4 09,Q1 10,Q2 10,Q3 10,Q4 10,Q1 11,Q2 11,Q3 11,Q4 11,Q1 12,Q2 12,Q3 12,Q4 12,Q1 13,Q2 13,Q3 13,Q4 13,Q1 14,Q2 14,Q3 14,Q4 14,Q1 15,Q2 15,Q3 15,Q4 15,Q1 16,Q2 16,Q3 16,Q4 16,Q1 17,Q2 17,Q3 17,Q4 17,Q1 18,Q2 18,Q3 18,Q4 18,Q1 19,Q2 19,Q3 19,Q4 19,Q1 20,Q2 20,Q3 20,Q4 20,Q1 21,Q2 21,Q3 21,Q4 21,Q1 22,Q2 22,Q3 22,Q4 22,Q1 23,Q2 23,Q3 23,Q4 23,Q1 24,Q2 24,Q3 24
,,,Period Ended On (MM/DD/YYYY),03/31/2005,06/30/2005,09/30/2005,12/31/2005,03/31/2006,06/30/2006,09/30/2006,12/31/2006,03/31/2007,06/30/2007,09/30/2007,12/31/2007,03/31/2008,06/30/2008,09/30/2008,12/31/2008,03/31/2009,06/30/2009,09/30/2009,12/31/2009,03/31/2010,06/30/2010,09/30/2010,12/31/2010,03/31/2011,06/30/2011,09/30/2011,12/31/2011,03/31/2012,06/30/2012,09/30/2012,12/31/2012,03/31/2013,06/30/2013,09/30/2013,12/31/2013,03/31/2014,06/30/2014,09/30/2014,12/31/2014,03/31/2015,06/30/2015,09/30/2015,12/31/2015,03/31/2016,06/30/2016,09/30/2016,12/31/2016,03/31/2017,06/30/2017,09/29/2017,12/31/2017,03/31/2018,06/30/2018,09/30/2018,12/31/2018,03/31/2019,06/30/2019,09/30/2019,12/31/2019,03/31/2020,06/30/2020,09/30/2020,12/31/2020,03/31/2021,06/30/2021,09/30/2021,12/31/2021,03/31/2022,06/30/2022,09/30/2022,12/31/2022,03/31/2023,06/30/2023,09/30/2023,12/31/2023,03/31/2024,06/30/2024,09/30/2024
,,,Reported Date (MM/DD/YYYY),05/05/2005,08/01/2005,10/31/2005,02/13/2006,05/05/2006,08/01/2006,10/31/2006,02/13/2007,05/05/2007,08/01/2007,10/31/2007,02/13/2008,05/05/2008,08/01/2008,11/12/2008,02/13/2009,05/05/2009,08/01/2009,10/28/2009,02/13/2010,04/28/2010,06/01/2011,06/01/2011,06/01/2011,04/28/2011,08/01/2011,10/31/2011,02/13/2012,05/05/2012,08/01/2012,10/31/2012,03/26/2013,05/05/2013,08/01/2013,10/31/2013,02/13/2014,05/05/2014,08/01/2014,10/31/2014,02/13/2015,05/05/2015,08/04/2015,10/30/2015,02/13/2016,04/29/2016,07/28/2016,10/28/2016,02/17/2017,04/28/2017,07/28/2017,10/27/2017,02/16/2018,04/27/2018,07/26/2018,10/25/2018,02/19/2019,04/26/2019,07/30/2020,10/24/2019,02/18/2020,04/30/2020,07/30/2020,10/29/2020,02/11/2021,04/29/2021,07/28/2021,10/28/2021,02/23/2022,04/28/2022,07/27/2022,10/26/2022,02/16/2023,04/27/2023,07/26/2023,10/25/2023,02/15/2024,04/25/2024,07/31/2024,10/30/2024
,,Abstract Bold Color,"Capital Expenditures (US$, 000S)
", ,,,,,,,,,,,,,,,,,,,,,,,,,,,,,,,,,,,,,,,,,,,,,,,,,,,,,,,,,,,,,,,,,,,,,,,,,,,,,,
$,Thousand,,Meadowbank, ,,,,,,,,,"31,406","55,963","82,298","40,171","64,946","123,055","79,534","41,964","57,699","89,492","93,864","35,763","33,914","70,596","25,633","19,130","29,224","43,073","21,836","13,453","30,820","35,757","22,882","17,515","21,909","28,117","6,285","9,550","11,701","19,010","12,178","9,442","18,227","19,690","18,012","11,510","10,446","12,847","3,667","14,750","41,863","36,721","18,181","17,866","37,693","88,814","57,980","55,712","65,780","65,918","44,657","35,341","37,096","42,446","43,067","21,605","47,343","50,543","34,157","26,651","31,210","37,721","44,246","35,962","35,603","29,148","21,020","19,915","21,560","30,223"
$,Thousand,,Meliadine, ,,,,,,,,,,,,,,,,,,,,,,,,,"8,243","44,978","15,823","18,525","11,374","7,645","11,457","8,371","7,773","13,978","16,749","8,552","7,272","10,134","15,985","8,243","11,389","24,823","22,165","15,149","28,241","41,797","45,755","48,565","93,125","144,714","87,175","61,330","109,124","126,399","91,884","48,585","29,940","23,401","17,352","22,318","29,432","38,612","33,894","23,198","25,968","36,074","32,586","19,667","34,717","50,313","44,637","29,150","47,459","56,684","215,345","36,110","34,932","40,786"
$,Thousand,,Hope Bay, ,,,,,,,,,,,,,,,,,,,,,,,,,,,,,,,,,,,,,,,,,,,,,,,,,,,,,,,,,,,,,,,,"6,216","8,930","21,101","9,831",,"5,282","7,457","4,049",477,"2,869","1,099",128, -   , -   , -   
$,Thousand,,Laronde, ,,,,"7,737","8,568","10,653","13,588","17,451","21,600","20,202","27,368","14,770","18,408","17,202","15,575","12,999","18,963","15,852","16,770","17,925","15,206","19,005","16,309","19,690","22,648","23,250","25,147","17,892","17,893","15,306","23,733","24,821","25,200","17,241","16,576","15,457","18,902","18,205","23,015","16,367","18,751","14,720","16,411","14,053","15,158","15,434","18,354","13,166","22,099","13,819","16,774","16,110","19,001","18,336","22,969","18,997","23,294","19,785","29,021","18,165","18,796","33,608","39,463","26,010","37,037","37,752","41,827","30,736","37,619","40,424","37,830","24,069","30,266","28,144","34,176","31,595","32,402","26,303"
$,Thousand,,Laronde Zone 5, ,,,,,,,,,,,,,,,,,,,,,,,,,,,,,,,,,,,,,,,,,,,,,,,,,,,,"7,653","7,987","6,229","2,608","1,442","3,750","1,641","2,114","1,863","1,579","3,283","3,251","3,828","3,983","4,684","6,265","5,824","5,395","5,244","9,059","6,964","7,334","10,728","8,290","15,418","9,134","9,441"
$,Thousand,,Goldex, ,,,,"9,237","15,345","16,632","20,478","20,015","27,230","28,568","29,235","25,281","18,376","2,813","6,986","2,469","1,814","6,196","9,604","2,775","1,344","3,170","5,402","10,698","12,614","14,437",,,,150,"26,672","17,196","17,383","11,499","15,236","9,070","6,781","4,773","7,066","9,126","10,711","12,403","12,498","14,282","19,815","21,021","21,999","14,719","10,940","12,576","13,438","12,869","13,106","11,952","13,619","10,716","10,818","10,550","11,850","8,540","6,882","7,335","9,170","9,680","11,921","10,752","10,897","10,743","12,643","11,896","23,333","12,749","11,492","9,361","14,338","16,184","14,279","18,335"
$,Thousand,,Akasaba, ,,,,,,,,,,,,,,,,,,,,,,,,,,,,,,,,,,,,,,,,,,,,,,,,,,,,,,,,,,,,,,,,,,,,,,,,"10,369","8,706","7,990","7,880",,,
$,Thousand,,Canadian Malartic (100% basis), ,,,,,,,,,,,,,,,,,,,,,,,,,,,,,,,,,,,,,,"15,445","17,406","10,548","10,632","8,734","13,145","9,757","17,699","11,704","14,160","12,026","11,188","19,251","35,764","19,201","16,235","18,509","24,448","15,670","19,004","24,623","23,396","16,648","11,092","6,871","21,188","24,733","29,041","25,316","39,573","30,550","41,928","53,559","59,097","46,402","80,635","57,718","66,416","63,050","71,252","78,613"
$,Thousand,,Detour Lake, ,,,,,,,,,,,,,,,,,,,,,,,,,,,,,,,,,,,,,,,,,,,,,,,,,,,,,,,,,,,,,,,,,,,,"33,898","107,327","105,761","115,746","75,892","85,452","102,586","126,223","87,397","93,286","129,837"
$,Thousand,,Macassa, ,,,,,,,,,,,,,,,,,,,,,,,,,,,,,,,,,,,,,,,,,,,,,,,,,,,,,,,,,,,,,,,,,,,,"18,795","30,947","21,785","28,334","27,440","24,755","29,607","36,656","22,277","28,370","39,750"
$,Thousand,,Lapa, ,,,,"4,001","2,553","3,292","4,190","4,475","4,822","6,472","13,511","14,424","20,490","24,507","29,521","19,723","7,033","9,921","10,169","7,876","10,592","7,051","7,343","4,224","2,924","3,533","4,135","3,823","2,267","2,158","8,552","5,316","5,136","5,076","4,364","5,022","4,731","4,548","3,141","2,339","1,331",898,775,,,,,,,, -   , -   , -   , -   , -   , -   , -   ,,,,,,,,,,,,, -   , -   , -   , -   , -   , -   , -   , -   , -   
$,Thousand,,Pinos Altos, ,,,,,,,,"1,905","7,324","13,709","15,534","20,474","70,610","23,418","45,355","42,198","41,676","22,971","18,440","19,121","17,532","15,124","18,004","9,134","8,326","4,870","6,785","2,459","8,750","5,753","6,102","6,865","10,013","12,286","16,381","6,899","8,145","13,816","17,664","12,091","16,984","12,516","19,962","16,045","12,156","10,378","20,643","9,080","14,113","12,547","13,303","7,187","11,147","6,148","15,580","8,261","11,540","9,625","12,003","5,646","2,552","5,874","13,528","5,477","9,981","12,970","16,964","10,753","14,594","12,251","14,815","10,196","9,378","5,533","6,825","5,635","6,908","7,454"
$,Thousand,,Creston Mascota, ,,,,,,,,,,,,,,,,,,419,"1,332","12,546","9,335","11,689","9,858","6,269", -   ,"1,290",,"1,738",,"3,340",204,"2,084","4,680","2,878","2,580","2,676","2,957","1,396","2,894",233,191,832,"2,369","1,308","1,734","2,120","3,367",575,"1,382","1,999","2,864","3,393","7,641","5,892","1,917", -   , -   , -   , -   ,,,,6,,,,,,, -   , -   , -   , -   , -   , -   , -   , -   , -   
$,Thousand,,La India, ,,,,,,,,,,,,,,,,,,,,,,,,,,,,,,"8,851","30,385","36,608","37,360","23,471","17,508","10,986","2,812","3,185","1,338","2,160","5,086","5,858","7,174","1,209","2,210","1,289","2,138","1,256","4,407","2,359","1,240","1,983","1,292","3,203","2,047","1,688","4,517","4,393","4,122","4,868","5,318","3,508","7,968","3,515","3,311","5,107","7,450","2,647","3,794","6,512","2,131",27,51,23, -   ,22, -   , -   
$,Thousand,,Kittila, ,,,,,"2,617","6,504","11,826","19,128","14,034","16,807","29,644","35,369","65,374","53,088","35,443","26,266","20,894","16,151","12,917","10,974","8,000","18,076","14,741","18,245","15,589","19,842","18,998","12,107","12,419","11,851","12,323","5,459","22,683","22,274","28,044","21,180","28,524","28,431","26,012","9,710","13,431","13,833","17,339","13,472","18,279","21,397","20,057","15,568","17,705","20,787","30,641","27,527","35,901","46,702","56,353","27,449","49,760","42,505","52,028","31,595","52,827","51,172","60,756","23,032","28,122","28,759","34,574","20,182","23,828","21,468","28,640","19,606","20,662","14,683","18,815","16,972","19,500","18,312"
$,Thousand,,Fosterville, ,,,,,,,,,,,,,,,,,,,,,,,,,,,,,,,,,,,,,,,,,,,,,,,,,,,,,,,,,,,,,,,,,,,,"12,720","14,909","21,023","21,144","10,810","15,824","19,840","20,851","14,911","16,492","17,911"
$,Thousand,,San Nicolas Project, ,,,,,,,,,,,,,,,,,,,,,,,,,,,,,,,,,,,,,,,,,,,,,,,,,,,,,,,,,,,,,,,,,,,,,,,,,0,,,"5,371","6,284","3,422"
$,Thousand,,Other, ,,,,,,,,,,,,806,331,-936,"6,442",,,,,54,124,"1,296",694,"1,165","1,204","2,260","10,719","2,577","2,395",967,"1,401",705,"2,381","1,341","2,073","4,701",754,383,315,33,195,"1,770","-1,118",877,664,"1,673",-90,"3,150","4,601","5,447","11,346",395,"1,333",369,914,189,419,"1,123","2,980","13,495",489,190,498,"6,158","2,354",353,"2,241",356,,"1,107","1,339",363,"2,092","3,374","2,423","6,006","7,991","16,781"
$,Thousand,,Exploration/Evaluations, ,,,,,,,,,,,,,,,,,,,,,,,,,,,,,,,,,,,,,,,,,,,,,,,,,,,,,,,,,,,,,,,,,,,,,,,,,,,,,,
$,Thousand,Bold,Total, ,,,,"20,975","29,083","37,081","50,082","62,974","106,416","141,721","197,590","151,295","258,535","243,147","218,856","145,619","148,079","161,002","163,096","94,488","96,047","146,007","97,984","88,555","100,772","157,533","103,443","72,574","85,918","91,778","143,711","124,940","154,518","138,161","125,796","94,093","92,579","119,326","127,014","80,292","106,928","116,077","128,732","97,662","126,402","139,660","150,050","132,855","221,423","270,220","230,726","175,514","260,460","332,553","290,319","188,709","218,822","203,564","199,523","158,477","166,063","192,899","232,789","153,453","207,991","233,411","236,365","223,522","364,193","396,521","434,400","310,476","382,435","376,518","405,646","340,863","362,390","437,168"
,,Abstract Bold Color,"Capitalized Exploration(US$, 000S)", ,,,,,,,,,,,,,,,,,,,,,,,,,,,,,,,,,,,,,,,,,,,,,,,,,,,,,,,,,,,,,,,,,,,,,,,,,,,,,,
$,Thousand,,Meadowbank, ,,,,,,,,,,,,142,"2,273","2,461","1,775","1,763","2,026","1,168",,"3,913",,"3,550",507,"1,171","1,889",537,,979,386,348,470,,405,553,"2,027",638,79,,1,,,,,,159,,122,,,,,,,,,,,,,615,574,"1,282",1,117,802,"2,079",825,333,769,658,"-1,760", -   , -   , -   , -   , -   , -   , -   
$,Thousand,,Meliadine, ,,,,,,,,,,,,,,,,,,,,,,,,,"3,735",,,,"15,585","16,756","2,001","3,508","9,662",927,444,"1,384","4,083",630,230,127,,,,,,,,,,,,,,,,,515,"1,482","1,216","1,221",451,"1,806","1,899",860,"2,278","2,364","2,386","3,009","3,287","4,476","-4,222","3,816","5,517","4,293","5,629","5,423","5,210","4,209"
$,Thousand,,Hope Bay, ,,,,,,,,,,,,,,,,,,,,,,,,,,,,,,,,,,,,,,,,,,,,,,,,,,,,,,,,,,,,,,,,"1,951","2,062","1,951",,,290, (290), -   , -   , -   , -   , -   , -   , -   , -   
$,Thousand,,Laronde, ,,,,,,,,,,,,"1,726","2,186","2,141","2,832","2,178",,"4,580","4,418","6,855","7,613","6,464","7,409",,,,,,,130,260,138,,97,219,659,238,309,336,223,142,408,321,251,261,235,542,639,433,89,109,129,307,297,340,,519,306,254,277,374,491,460,514,643,542,346,393,222,239,287,165,261,494,115,126,131,149
$,Thousand,,Laronde Zone 5, ,,,,,,,,,,,,,,,,,,,,,,,,,,,,,,,,,,,,,,,,,,,,,,,,,,,,,,,,,,,,24,,,,5,,40,72,347,452,128, -   ,90,380,219,314,193,426,324
$,Thousand,,Goldex, ,,,,,,,,,,,,142,312,-998,,279,591,84,527,"2,004","3,355","2,855","3,435","1,202","1,721","1,560",,,,,,,"1,346",486,"1,917",407,"1,042","1,696","3,495",846,"1,261",916,"1,057",896,910,"1,123","1,221","1,015","1,177","1,854","1,331",555,426,23,307,,,, -   ,"1,060","1,011","1,545","1,498","1,544","1,732","1,512","1,652","1,492","1,364","1,233","1,501","1,362",984,629,779,738,"1,045",753
$,Thousand,,Canadian Malartic (100% basis), ,,,,,,,,,,,,,,,,,,,,,,,,,,,,,,,,,,,,,,453,,134,107,546,468,749,"1,629","3,217","1,519","1,134","2,163","2,792","2,231","2,128","3,007","2,683","-3,377",58,85,98,117,,,,,"2,470","3,120","2,497","2,611","2,936","3,753","3,455","2,410","1,203","2,370","2,972","2,902","1,318",874,"1,510"
$,Thousand,,Detour Lake, ,,,,,,,,,,,,,,,,,,,,,,,,,,,,,,,,,,,,,,,,,,,,,,,,,,,,,,,,,,,,,,,,,,,,"7,604","9,047","8,125","6,624","8,467","8,815","7,662","7,571","7,552","9,547","9,051"
$,Thousand,,Macassa, ,,,,,,,,,,,,,,,,,,,,,,,,,,,,,,,,,,,,,,,,,,,,,,,,,,,,,,,,,,,,,,,,,,,,"2,918","4,305","6,167","9,222","7,621","7,802","7,026","5,352","8,718","9,794","7,972"
$,Thousand,,Lapa, ,,,,,,,,,,,,,,,,,,,,,,,,779,"1,512",778,512,,,"1,114",561,97,"1,042",615,"1,092",189,557,491,"1,048",437,319,194,199,,,,,,,,,,,,,,,,,,,,,,,,,,, -   , -   , -   , -   , -   , -   , -   , -   , -   
$,Thousand,,Pinos Altos, ,,,,,,,,,,,,"1,958","1,963","5,843","6,066","4,069","1,353","1,178","1,370",653,"1,370","1,411",378,509,"1,413",550,820,,,91,584,,"1,319",368,250,418,800,180,,,199,,77,,41,33,275,48,78,119,49,26,23,112,76,17,152,208,153,19,16,272,64,195,258,95,53,72,421,144,200,847,863,"1,503",-419,307,617,752
$,Thousand,,Creston Mascota, ,,,,,,,,,,,,,,,,,,,,,,,,,,,,,473,73,422,,83,193,437,52,463,45,,11,19,323,217,3,469,168,118,7,,790,491,170,471,,15,,,,,,,,,,,,,,, -   , -   , -   , -   , -   , -   , -   , -   , -   
$,Thousand,,La India, ,,,,,,,,,,,,,,,,,,,,,,,,,,,,,,,,448,"1,282",81,28,79,"1,053","1,589","1,230",115,"1,146","1,125",715,484,"1,094","1,395",688,378,341,263,539,8,384,194,87,94,205,60,288,11,56,473,505,14,10,87,6,8,, -   , -   , -   ,6, -   ,-6, -   , -   , -   
$,Thousand,,Kittila, ,,,,,,,,,,,,"2,767","1,324","1,090","1,018","1,439","2,953","4,820","4,583","4,650","8,632","2,981","3,914","4,633","3,360","3,045","2,802","2,442","2,006","3,054","3,834","1,503","2,116",806,885,741,609,723,,702,442,312,636,649,558,792,700,594,704,657,"1,134",850,"2,501","1,845","2,026","2,028","2,199","1,325","2,485","1,603","1,871","1,340","2,242","1,921",361,"1,125","1,842","1,704","2,608","1,352","1,781","1,425","1,841","1,095","2,876","2,581","2,843","1,487"
$,Thousand,,Fosterville, ,,,,,,,,,,,,,,,,,,,,,,,,,,,,,,,,,,,,,,,,,,,,,,,,,,,,,,,,,,,,,,,,,,,,"4,470","9,959","4,707","5,780","6,263","4,773","4,015","5,062","3,624","3,342","2,531"
$,Thousand,,San Nicolas Project, ,,,,,,,,,,,,,,,,,,,,,,,,,,,,,,,,,,,,,,,,,,,,,,,,,,,,,,,,,,,,,,,,,,,,,,,,,,,, -   , -   , -   
$,Thousand,,Other, ,,,,,,,,,,,,,,,,,,,,,,,,,,,,,,,,,,,,133,9,,,,948,"2,501",536,,125,180,"1,138",,6,,3,47,50,1,118,306,,7,3,9,11,42,135,,"1,025",672,-760,"1,277",900,"1,156",951, -   , -   , -   ,840,575,"11,083","19,889"
$,Thousand,,Exploration/Evaluations, ,,,,,,,,,,,,,,,,,,,,,,,,,,,,,,,,,,,,,,,,,,,,,,,,,,,,,,,,,,,,,,,,,,,,,,,,,,,,,,
$,Thousand,Bold,Total, ,,,,,,,,,,,,"6,735","8,058","10,537","11,691","9,728","6,923","11,830","10,898","18,075","20,970","17,261","15,643","8,294","13,630","6,470","4,134","3,421","18,450","21,566","8,132","5,694","17,255","4,126","7,299","4,700","8,933","6,116","6,340","2,595","4,583","6,325","4,226","3,032","5,246","7,143","6,323","3,815","4,902","6,564","5,887","3,913","7,169","5,155",-408,"2,503","3,675","3,486","4,516","4,841","4,364","7,251","6,804","9,591","12,291","12,964","9,033","26,563","37,377","31,550","22,774","31,259","33,612","29,908","31,015","31,155","44,912","48,627"
,,Abstract Bold Color,Other Income Statement Line Items, ,,,,,,,,,,,,,,,,,,,,,,,,,,,,,,,,,,,,,,,,,,,,,,,,,,,,,,,,,,,,,,,,,,,,,,,,,,,,,,
$,Thousand,,Exploration and corporate development, ,,,,,,,,,,,,"8,898","8,940","8,325","8,541","6,249","9,735","11,846","7,561","7,504","12,955","19,492","15,008","16,978","11,368","9,610","30,895","23,108","34,286","36,023","16,083","8,571","11,326","15,550","8,789","9,418","11,552","20,521","14,436","16,651","30,616","37,086","26,001","28,385","38,100","44,647","35,846","25,313","34,323","50,106","31,708","30,223","38,936","40,939","27,572","25,450","27,352","28,277","23,750","29,643","14,337","30,488","39,024","28,709","39,942","42,141","41,722","65,842","70,352","64,001","70,922","53,768","54,422","61,594","45,997","51,206","55,247","60,335"
$,Thousand,,Stock option expense (non-cash), ,,,,,"1,100",800,800,"4,800","1,800","1,700","1,700","4,800","2,600","2,100","-1,100","17,400","6,400","6,300","6,300","18,600","8,100","8,400","7,200","18,500","8,300","7,700","8,100","12,300","8,000","7,300","7,500","12,000","4,800","5,200","4,400","11,700","8,500","7,200","6,400","8,000","4,200","4,200","3,700","6,000","3,200","3,200","4,200","7,700","3,800","3,800","3,800","7,800","3,900","3,800","3,900","6,200","3,400","3,400","4,100","6,600","3,200","3,100","3,000","8,800","3,900","3,900","3,600","6,100","3,200","3,300","3,200","4,800","14,400","2,500","2,400","16,100","14,400", -   
$,Thousand,,Foreign Currency Loss (Gain) (non-cash),-384,-467,763,"1,948","1,868","6,650","1,037","-7,428","-1,267","8,045","25,243",276,"-8,889","1,163","-18,503","-51,459","-7,493","16,664","22,875","7,785","8,901","-17,427","17,685","10,377","14,065","2,700","-21,400","-3,600","15,500","-11,000","-16,265","-4,453","3,700","-11,100","6,500","-6,200","8,300","8,700","-4,700","-7,000","-11,700","4,800",900,"1,300","6,800","5,500","2,500","-1,700",900,"2,600","4,300","5,500","3,500","3,900","-1,100","2,700","2,200","4,100","-1,300",-100,"3,800","3,300","4,300","11,000","-3,100","-2,500","-6,500","12,800","1,200","13,500","-15,479","11,680",220,"4,014","-6,492","1,930","-4,547",363,"3,436"
,,Abstract Bold,Revenue Breakdown From Mining Operations (%), ,,,,,,,,,,,,,,,,,,,,,,,,,,,,,,,,,,,,,,,,,,,,,,,,,,,,,,,,,,,,,,,,,,,,,,,,,,,,,,
,Actual,,Gold, ,,,,47%,33%,32%,30%,40%,33%,40%,48%,47%,53%,62%,95%,77%,75%,74%,81%,82%,88%,87%,84%,86%,84%,85%,89%,86%,91%,90%,89%,89%,91%,93%,93%,95%,95%,95%,96%,96%,95%,96%,95%,96%,95%,95%,95%,95%,95%,96%,95%,94%,94%,96%,96%,96%,95%,96%,97%,97%,97%,97%,97%,97%,97%,97%,97%,99%,99%,99%,99%,99%,99%,99%,99%,99%,98%,99%
,Actual,,Silver, ,,,,14%,12%,13%,12%,14%,13%,14%,16%,17%,18%,16%,12%,13%,10%,11%,7%,8%,6%,7%,9%,10%,10%,10%,8%,9%,6%,7%,8%,8%,6%,6%,5%,4%,4%,3%,3%,3%,4%,3%,4%,3%,4%,4%,4%,4%,4%,3%,4%,4%,3%,3%,3%,3%,3%,3%,3%,3%,2%,2%,2%,2%,2%,2%,2%,1%,1%,1%,1%,1%,1%,1%,1%,1%,1%,1%
,Actual,,Base Metals, ,,,,39%,55%,55%,58%,46%,54%,46%,36%,36%,29%,22%,-7%,10%,15%,15%,12%,10%,6%,6%,7%,4%,6%,5%,3%,5%,3%,3%,3%,3%,3%,1%,2%,1%,1%,2%,1%,1%,1%,1%,1%,1%,1%,1%,1%,1%,1%,1%,1%,2%,3%,1%,1%,1%,2%,1%, -   , -   ,1%,1%,1%,1%,1%,1%,1%, -   , -   , -   , -   , -   , -   , -   , -   , -   ,1%, -   
,Actual,Bold,Total, ,,,,100%,100%,100%,100%,100%,100%,100%,100%,100%,100%,100%,100%,100%,100%,100%,100%,100%,100%,100%,100%,100%,100%,100%,100%,100%,100%,100%,100%,100%,100%,100%,100%,100%,100%,100%,100%,100%,100%,100%,100%,100%,100%,100%,100%,100%,100%,100%,100%,100%,100%,100%,100%,100%,100%,100%,100%,100%,100%,100%,100%,100%,100%,100%,100%,100%,100%,100%,100%,100%,100%,100%,100%,100%,100%,100%
,,Abstract Bold,Interest and Sundry Income ('000), ,,,,,,,,,,,,,,,,,,,,,,,,,,,,,,,,,,,,,,,,,,,,,,,,,,,,,,,,,,,,,,,,,,,,,,,,,,,,,,
$,Thousand,,Interest Expense, ,,,,,383,"4,677","5,153","5,274","6,071","5,843","4,725","2,946","1,469",653,"1,686",375,140,509,28,304,64,305,103,64,250,374,156,269,-23,866,-555,212,"3,734",-141,"5,019","15,935","15,731","20,852","18,144","19,712","17,955","19,674","17,887","17,801","17,391","19,654","19,795","19,706","17,835","20,298","21,092","21,816","25,293","23,914","25,544","25,766","27,310","25,721","26,285","27,762","25,000","21,439","20,933","22,168","23,261","22,780","23,833","22,653","20,961","19,278","20,043","23,448","35,837","35,704","35,098","36,265","34,473","28,527"
$,Thousand,,"(Gain)/loss on derivative financial instruments
", ,,,,,,,,,,,,,,,,,,,,,,,,,,,,,,,,,,,,,,,,,,,,,,,,,,,,,,,,,,,,"42,602","-62,175","-29,724","-58,576","21,066","-21,120","35,420","-24,263","-28,664","40,753","162,374","-83,771","-6,539","-26,433","34,010","-69,470","45,935","19,608","-17,153"
$,Thousand,,Other (income) expense, ,,,,,"2,742","7,362", -   ,"1,865","1,337","1,605","1,624","1,169","1,175","1,915",79,"4,318","4,963","3,155","2,685",523,"6,424","66,563","1,106","1,535",507,"-2,098","2,273",895,"-4,321","1,674",-932,"-2,982","1,936","-3,404","2,941",-417,"3,370",291,"-9,813","-6,617","-8,808","26,873","7,623","-9,023","5,238","-2,367","12,917","-4,913","-6,136","-9,722","-3,928","-2,836","-25,107","-13,719","12,393","-8,041","-7,828","3,927","-18,359","4,540","23,735","9,132","11,529","-2,509","5,744","3,733","13,936","91,898","19,574",-426,"19,526","20,680","4,199","18,697","19,981","10,148","44,198","-1,828"
$,Thousand,Bold,Total, ,,,,,"3,125","12,039","5,153","7,139","7,408","7,448","6,349","4,115","2,644","2,568","1,765","4,693","5,103","3,664","2,713",827,"6,488","66,868","1,209","1,599",757,"-1,724","2,429","1,164","-4,344","2,540","-1,487","-2,770","5,670","-3,545","7,960","15,518","19,101","21,143","8,331","13,095","9,147","46,547","25,510","8,778","22,629","17,287","32,712","14,793","11,699","10,576","17,164","18,980",186,"10,195","37,937","17,725","19,482","29,648","7,926","74,904","-13,440",847,"-26,114","40,725","7,885","61,933","13,506","85,887","81,288","181,226","-44,202","37,589","13,603","88,411","-14,391","92,348","98,279","9,546"
,,,, ,,,,,,,,,,,,,,,,,,,,,,,,,,,,,,,,,,,,,,,,,,,,,,,,,,,,,,,,,,,,,,,,,,,,,,,,,,,,,,
,,Abstract Bold Color,Expense Breakdown By Major Categories, ,,,,,,,,,,,,,,,,,,,,,,,,,,,,,,,,,,,,,,,,,,,,,,,,,,,,,,,,,,,,,,,,,,,,,,,,,,,,,,
,Actual,,Laronde - Labour, ,,,,,,,,,,,,,,,,,,,44%,38%,39%,38%,38%,40%,39%,40%,39%,44%,44%,43%,41%,44%,43%,41%,40%,46%,53%,44%,41%,42%,42%,39%,40%,40%,46%,37%,41%,41%,38%,46%,41%,34%,37%,37%,38%,40%,40%,39%,40%,42%,42%,38%,41%,41%,40%,52%,33%,39%,40%,47%,35%,37%,38%,37%,36%,39%,37%,36%
,Actual,,Laronde - Contractors, ,,,,,,,,,,,,,,,,,,,14%,12%,10%,11%,11%,10%,11%,9%,9%,7%,7%,8%,8%,8%,9%,9%,8%,10%,12%,9%,8%,8%,10%,9%,12%,9%,12%,10%,10%,10%,9%,12%,10%,8%,8%,9%,9%,10%,10%,10%,11%,10%,9%,10%,10%,9%,9%,11%,8%,8%,8%,14%,10%,11%,11%,11%,11%,12%,12%,14%
,Actual,,Laronde - Energy, ,,,,,,,,,,,,,,,,,,,10%,8%,8%,8%,7%,8%,8%,8%,8%,9%,8%,9%,9%,8%,8%,9%,10%,13%,12%,9%,9%,10%,9%,9%,10%,9%,9%,8%,9%,9%,8%,10%,8%,7%,7%,8%,8%,8%,7%,7%,7%,5%,5%,6%,5%,6%,6%,8%,6%,6%,7%,9%,7%,6%,6%,6%,6%,6%,6%,5%
,Actual,,Laronde - Chemical, ,,,,,,,,,,,,,,,,,,,13%,10%,11%,11%,10%,10%,11%,12%,11%,11%,10%,11%,10%,10%,10%,10%,9%,10%,12%,11%,8%,8%,9%,9%,9%,6%,8%,7%,7%,7%,7%,9%,7%,5%,7%,7%,7%,6%,7%,7%,6%,6%,6%,7%,6%,5%,6%,9%,5%,7%,8%,10%,7%,7%,7%,7%,6%,7%,7%,7%
,Actual,,Laronde - Consumables/Other, ,,,,,,,,,,,,,,,,,,,19%,32%,32%,32%,34%,32%,31%,31%,33%,29%,31%,29%,32%,30%,30%,31%,33%,21%,11%,27%,34%,32%,30%,34%,29%,36%,25%,38%,33%,33%,38%,23%,34%,46%,41%,39%,38%,36%,36%,37%,36%,37%,38%,39%,38%,39%,39%,20%,48%,40%,37%,20%,41%,39%,38%,39%,41%,36%,38%,38%
,Actual,Bold,Laronde - Total, ,,,,,,,,,,,,,,,,,,,100%,100%,100%,100%,100%,100%,100%,100%,100%,100%,100%,100%,100%,100%,100%,100%,100%,100%,100%,100%,100%,100%,100%,100%,100%,100%,100%,100%,100%,100%,100%,100%,100%,100%,100%,100%,100%,100%,100%,100%,100%,100%,100%,100%,100%,100%,100%,100%,100%,100%,100%,100%,100%,100%,100%,100%,100%,100%,100%,100%
,Actual,,Goldex - Labour, ,,,,,,,,,,,,,,,,,,,39%,38%,45%,42%,38%,39%,41%,41%,39%,,,,,,,,44%,46%,45%,38%,34%,36%,35%,34%,36%,31%,33%,30%,32%,35%,38%,40%,36%,44%,41%,42%,42%,43%,44%,42%,41%,43%,44%,40%,43%,42%,41%,44%,37%,40%,39%,40%,38%,38%,39%,38%,22%,34%,36%,34%
,Actual,,Goldex - Contractors, ,,,,,,,,,,,,,,,,,,,17%,10%,9%,10%,12%,10%,11%,10%,5%,,,,,,,,14%,15%,16%,16%,15%,15%,13%,14%,16%,22%,23%,22%,23%,15%,14%,14%,14%,13%,12%,13%,13%,13%,12%,13%,12%,13%,10%,13%,13%,13%,13%,14%,12%,12%,12%,15%,13%,14%,13%,13%,45%,24%,25%,25%
,Actual,,Goldex - Energy, ,,,,,,,,,,,,,,,,,,,10%,11%,9%,9%,10%,12%,11%,10%,10%,,,,,,,,13%,15%,13%,10%,10%,10%,9%,8%,10%,9%,8%,8%,9%,9%,9%,9%,9%,10%,8%,9%,9%,9%,8%,8%,7%,8%,7%,7%,7%,8%,7%,8%,8%,8%,9%,9%,9%,8%,7%,8%,6%,7%,6%,6%
,Actual,,Goldex - Chemical, ,,,,,,,,,,,,,,,,,,,7%,6%,7%,8%,7%,7%,8%,7%,2%,,,,,,,,6%,5%,6%,5%,4%,4%,4%,4%,4%,3%,3%,3%,3%,3%,4%,4%,3%,3%,3%,4%,4%,4%,4%,3%,3%,3%,3%,4%,3%,3%,3%,4%,3%,4%,4%,4%,4%,3%,3%,3%,1%,2%,2%,2%
,Actual,,Goldex - Consumables/Other, ,,,,,,,,,,,,,,,,,,,27%,35%,30%,31%,33%,32%,29%,32%,44%,,,,,,,,23%,19%,21%,31%,37%,35%,39%,40%,34%,35%,33%,37%,33%,38%,35%,33%,38%,30%,36%,32%,32%,31%,32%,34%,37%,33%,36%,36%,34%,34%,36%,30%,40%,36%,36%,32%,36%,37%,38%,38%,26%,33%,31%,33%
,Actual,Bold,Goldex - Total, ,,,,,,,,,,,,,,,,,,,100%,100%,100%,100%,100%,100%,100%,100%,100%,,,,,,,,100%,100%,101%,100%,100%,100%,100%,100%,100%,100%,100%,100%,100%,100%,100%,100%,100%,100%,100%,100%,100%,100%,100%,100%,100%,100%,100%,100%,100%,100%,100%,100%,100%,100%,100%,100%,100%,100%,100%,100%,100%,100%,100%,100%
,Actual,,Lapa - Labour, ,,,,,,,,,,,,,,,,,,,26%,25%,31%,39%,38%,42%,44%,43%,40%,44%,47%,45%,42%,45%,44%,42%,39%,47%,50%,51%,36%,42%,44%,41%,35%,41%,36%,40%,38%,38%,35%,33%,0%,32%,38%,35%,27%,63%,0%,0%,0%,0%,0%,0%,0%,0%,0%,0%,0%,0%,0%,,,,,,,,,
,Actual,,Lapa - Contractors, ,,,,,,,,,,,,,,,,,,,38%,38%,36%,21%,20%,16%,17%,15%,16%,15%,14%,15%,17%,15%,15%,17%,16%,19%,23%,23%,16%,17%,19%,19%,18%,19%,18%,21%,21%,24%,25%,23%,0%,26%,34%,31%,24%,14%,0%,0%,0%,0%,0%,0%,0%,0%,0%,0%,0%,0%,0%,,,,,,,,,
,Actual,,Lapa - Energy, ,,,,,,,,,,,,,,,,,,,7%,6%,5%,6%,7%,8%,7%,7%,8%,9%,6%,7%,8%,8%,8%,7%,9%,12%,10%,10%,8%,10%,8%,8%,8%,9%,7%,8%,9%,9%,8%,8%,0%,10%,12%,11%,9%,16%,0%,0%,0%,0%,0%,0%,0%,0%,0%,0%,0%,0%,0%,,,,,,,,,
,Actual,,Lapa - Chemical, ,,,,,,,,,,,,,,,,,,,5%,3%,3%,4%,3%,3%,4%,5%,5%,5%,4%,4%,3%,4%,4%,5%,4%,5%,6%,6%,4%,4%,5%,5%,4%,5%,4%,5%,4%,4%,5%,5%,0%,2%,6%,6%,5%,0%,0%,0%,0%,0%,0%,0%,0%,0%,0%,0%,0%,0%,0%,,,,,,,,,
,Actual,,Lapa - Consumables/Other, ,,,,,,,,,,,,,,,,,,,24%,28%,25%,30%,32%,31%,28%,30%,31%,27%,29%,29%,30%,28%,29%,29%,32%,17%,11%,10%,36%,27%,24%,27%,35%,26%,35%,26%,28%,25%,27%,31%,0%,30%,10%,17%,35%,7%,0%,0%,0%,0%,0%,0%,0%,0%,0%,0%,0%,0%,0%,,,,,,,,,
,Actual,Bold,Lapa - Total, ,,,,,,,,,,,,,,,,,,,100%,100%,100%,100%,100%,100%,100%,100%,100%,100%,100%,100%,100%,100%,100%,100%,100%,100%,100%,100%,100%,100%,100%,100%,100%,100%,100%,100%,100%,100%,100%,100%,0%,100%,100%,100%,100%,100%,0%,0%,0%,0%,0%,0%,0%,0%,0%,0%,0%,0%,0%,,,,,,,,,
,Actual,,Kittila - Labour, ,,,,,,,,,,,,,,,,,,,24%,25%,31%,27%,27%,28%,34%,27%,30%,34%,33%,32%,34%,37%,41%,34%,33%,35%,39%,35%,25%,25%,27%,23%,24%,23%,25%,20%,24%,22%,25%,24%,18%,20%,17%,21%,24%,21%,21%,18%,23%,21%,23%,19%,22%,25%,25%,28%,17%,20%,21%,18%,19%,20%,20%,19%,19%,17%,23%,19%
,Actual,,Kittila - Contractors, ,,,,,,,,,,,,,,,,,,,23%,25%,23%,17%,22%,15%,16%,17%,13%,7%,11%,8%,8%,12%,17%,10%,10%,12%,16%,17%,10%,15%,17%,21%,25%,26%,29%,26%,26%,24%,14%,13%,8%,10%,6%,9%,30%,30%,43%,38%,34%,31%,31%,33%,33%,23%,25%,31%,23%,28%,26%,35%,26%,26%,29%,26%,26%,28%,27%,27%
,Actual,,Kittila - Energy, ,,,,,,,,,,,,,,,,,,,14%,16%,15%,12%,12%,13%,11%,13%,12%,16%,12%,12%,11%,16%,10%,15%,13%,16%,15%,13%,11%,10%,11%,8%,7%,10%,8%,8%,10%,10%,23%,20%,16%,13%,5%,9%,9%,10%,6%,8%,7%,8%,7%,7%,8%,9%,7%,11%,10%,10%,10%,19%,16%,12%,7%,9%,10%,12%,8%,9%
,Actual,,Kittila - Chemical, ,,,,,,,,,,,,,,,,,,,13%,10%,11%,11%,11%,12%,9%,11%,9%,11%,10%,12%,12%,13%,6%,17%,12%,13%,12%,17%,12%,11%,12%,13%,11%,11%,11%,11%,10%,10%,5%,9%,8%,7%,5%,7%,10%,10%,5%,10%,8%,8%,9%,9%,8%,11%,9%,14%,8%,9%,11%,12%,9%,12%,10%,15%,11%,10%,9%,12%
,Actual,,Kittila - Consumables/Other, ,,,,,,,,,,,,,,,,,,,26%,24%,20%,33%,28%,32%,30%,32%,36%,32%,34%,36%,35%,22%,26%,24%,32%,24%,18%,18%,42%,39%,33%,35%,33%,30%,27%,35%,30%,34%,33%,34%,50%,50%,67%,54%,27%,29%,25%,26%,28%,32%,30%,32%,29%,32%,34%,16%,42%,33%,32%,16%,30%,30%,34%,31%,34%,33%,33%,33%
,Actual,Bold,Kittila - Total, ,,,,,,,,,,,,,,,,,,,100%,100%,100%,100%,100%,100%,100%,100%,100%,100%,100%,100%,100%,100%,100%,100%,100%,100%,100%,100%,100%,100%,100%,100%,100%,100%,100%,100%,100%,100%,100%,100%,100%,100%,100%,100%,100%,100%,100%,100%,100%,100%,100%,100%,100%,100%,100%,100%,100%,100%,100%,100%,100%,100%,100%,100%,100%,100%,100%,100%
,Actual,,Pinos Altos - Labour, ,,,,,,,,,,,,,,,,,,,19%,23%,17%,21%,23%,17%,19%,23%,23%,21%,22%,23%,22%,25%,27%,24%,24%,27%,26%,26%,22%,25%,22%,23%,23%,22%,20%,17%,21%,24%,24%,23%,23%,23%,23%,23%,21%,23%,24%,24%,24%,23%,19%,21%,19%,23%,23%,28%,25%,26%,25%,25%,25%,26%,30%,24%,32%,30%,28%,24%
,Actual,,Pinos Altos - Contractors, ,,,,,,,,,,,,,,,,,,,13%,11%,15%,14%,11%,12%,10%,5%,5%,6%,5%,6%,6%,5%,5%,6%,5%,5%,5%,7%,5%,6%,5%,6%,8%,7%,7%,6%,6%,5%,27%,27%,30%,24%,29%,28%,7%,6%,8%,6%,8%,7%,9%,15%,19%,12%,10%,11%,6%,8%,12%,13%,11%,11%,9%,13%,14%,12%,13%,14%
,Actual,,Pinos Altos - Energy, ,,,,,,,,,,,,,,,,,,,15%,16%,17%,14%,16%,15%,14%,14%,15%,14%,12%,14%,13%,14%,14%,15%,16%,20%,19%,17%,15%,17%,13%,13%,14%,13%,10%,8%,11%,14%,8%,8%,8%,9%,8%,9%,12%,12%,12%,11%,13%,11%,10%,9%,10%,11%,10%,11%,8%,10%,9%,10%,10%,12%,13%,12%,10%,11%,11%,10%
,Actual,,Pinos Altos - Chemical, ,,,,,,,,,,,,,,,,,,,6%,6%,6%,5%,5%,5%,5%,4%,5%,4%,4%,4%,3%,4%,4%,5%,5%,5%,5%,5%,8%,10%,8%,9%,11%,10%,10%,7%,10%,11%,10%,12%,9%,10%,10%,11%,11%,10%,9%,9%,9%,9%,9%,9%,9%,8%,10%,10%,8%,9%,8%,8%,8%,8%,8%,8%,7%,7%,7%,7%
,Actual,,Pinos Altos - Consumables/Other, ,,,,,,,,,,,,,,,,,,,47%,44%,45%,46%,45%,51%,52%,54%,52%,55%,57%,53%,56%,52%,50%,50%,50%,43%,45%,45%,50%,42%,52%,49%,44%,48%,53%,62%,52%,46%,31%,30%,30%,34%,30%,29%,49%,49%,47%,50%,46%,50%,53%,46%,43%,46%,47%,40%,53%,47%,46%,44%,46%,43%,40%,43%,37%,40%,41%,45%
,Actual,Bold,Pinos Altos - Total, ,,,,,,,,,,,,,,,,,,,100%,100%,100%,100%,100%,100%,100%,100%,100%,100%,100%,100%,100%,100%,100%,100%,100%,100%,100%,100%,100%,100%,100%,100%,100%,100%,100%,100%,100%,100%,100%,100%,100%,100%,100%,100%,100%,100%,100%,100%,100%,100%,100%,100%,100%,100%,100%,100%,100%,100%,100%,100%,100%,100%,100%,100%,100%,100%,100%,100%
,Actual,,Creston Mascota - Labour, ,,,,,,,,,,,,,,,,,,,,,,,,,,,,,,,,,,,,,,,,,,,,,,,,,,,,,,,,,,,33%,32%,26%,33%,31%,26%,25%,33%,26%,17%,17%,17%,23%, -   , -   , -   , -   , -   , -   , -   
,Actual,,Creston Mascota - Contractors, ,,,,,,,,,,,,,,,,,,,,,,,,,,,,,,,,,,,,,,,,,,,,,,,,,,,,,,,,,,,10%,12%,18%,14%,11%,5%,5%,7%,4%,5%,5%,26%,10%, -   , -   , -   , -   , -   , -   , -   
,Actual,,Creston Mascota - Energy, ,,,,,,,,,,,,,,,,,,,,,,,,,,,,,,,,,,,,,,,,,,,,,,,,,,,,,,,,,,,12%,15%,12%,12%,10%,14%,15%,22%,12%,42%,42%,41%,40%, -   , -   , -   , -   , -   , -   , -   
,Actual,,Creston Mascota - Chemical, ,,,,,,,,,,,,,,,,,,,,,,,,,,,,,,,,,,,,,,,,,,,,,,,,,,,,,,,,,,,12%,11%,15%,14%,25%,29%,30%,34%,32%,6%,6%,1%, -   , -   , -   , -   , -   , -   , -   , -   
,Actual,,Creston Mascota - Consumables/Other, ,,,,,,,,,,,,,,,,,,,,,,,,,,,,,,,,,,,,,,,,,,,,,,,,,,,,,,,,,,,33%,30%,29%,27%,23%,26%,25%,4%,26%,30%,30%,15%,27%, -   , -   , -   , -   , -   , -   , -   
,Actual,Bold,Creston Mascota - Total, ,,,,,,,,,,,,,,,,,,,,,,,,,,,,,,,,,,,,,,,,,,,,,,,,,,,,,,,,,,,100%,100%,100%,100%,100%,100%,100%,100%,100%,100%,100%,100%,100%, -   , -   , -   , -   , -   , -   , -   
,Actual,,Meadowbank - Labour, ,,,,,,,,,,,,,,,,,,, -   ,27%,33%,30%,30%,29%,28%,27%,22%,28%,28%,26%,28%,31%,27%,25%,28%,21%,28%,50%,30%,32%,28%,26%,27%,32%,32%,28%,36%,34%,24%,27%,21%,21%,22%,23%,28%,29%,28%,21%,23%,25%,23%,18%,24%,22%,22%,24%,22%,25%,26%,21%,25%,24%,24%,21%,26%,23%,22%,21%
,Actual,,Meadowbank - Contractors, ,,,,,,,,,,,,,,,,,,, -   ,17%,17%,20%,18%,11%,9%,12%,10%,10%,9%,8%,8%,11%,17%,12%,8%,12%,10%,11%,10%,11%,10%,9%,10%,10%,11%,10%,13%,11%,6%,7%,6%,5%,7%,7%,15%,19%,18%,18%,20%,20%,21%,20%,23%,25%,22%,21%,14%,19%,17%,24%,20%,20%,20%,17%,19%,19%,20%,19%
,Actual,,Meadowbank - Energy, ,,,,,,,,,,,,,,,,,,, -   ,18%,21%,18%,21%,18%,17%,16%,17%,19%,19%,16%,20%,21%,19%,16%,20%,24%,21%,23%,21%,26%,20%,16%,19%,21%,20%,16%,20%,19%,12%,13%,10%,9%,10%,11%,14%,16%,15%,11%,15%,15%,13%,9%,12%,12%,10%,12%,11%,15%,13%,14%,17%,20%,16%,13%,15%,17%,16%,14%
,Actual,,Meadowbank - Chemical, ,,,,,,,,,,,,,,,,,,, -   ,2%,3%,4%,4%,3%,3%,3%,3%,3%,3%,4%,4%,4%,4%,4%,4%,4%,4%,5%,5%,5%,4%,4%,5%,5%,4%,3%,6%,5%,10%,12%,11%,10%,11%,11%,3%,3%,3%,2%,3%,3%,2%,3%,3%,3%,3%,3%,2%,3%,3%,3%,3%,3%,2%,3%,3%,4%,3%,3%
,Actual,,Meadowbank - Consumables/Other, ,,,,,,,,,,,,,,,,,,, -   ,36%,26%,28%,27%,39%,43%,42%,48%,40%,41%,46%,40%,33%,33%,43%,40%,40%,37%,11%,34%,26%,38%,45%,39%,32%,33%,43%,25%,31%,48%,41%,52%,55%,50%,48%,40%,33%,36%,48%,39%,37%,41%,50%,38%,38%,43%,40%,51%,38%,41%,38%,35%,33%,38%,46%,37%,37%,39%,43%
,Actual,Bold,Meadowbank - Total, ,,,,,,,,,,,,,,,,,,, -   ,100%,100%,100%,100%,100%,100%,100%,100%,100%,100%,100%,100%,100%,100%,100%,100%,101%,100%,100%,100%,100%,100%,100%,100%,100%,100%,100%,100%,100%,100%,100%,100%,100%,100%,100%,100%,100%,100%,100%,100%,100%,100%,100%,100%,100%,100%,100%,100%,100%,100%,100%,100%,100%,100%,100%,100%,100%,100%,100%
,Actual,,La India - Labour, ,,,,,,,,,,,,,,,,,,,,,,,,,,,,,,,,,,,,44%,34%,25%,30%,20%,21%,17%,19%,19%,17%,18%,15%,17%,19%,18%,15%,18%,15%,16%,16%,16%,18%,17%,16%,16%,12%,18%,17%,17%,18%,20%,14%,17%,17%,15%,15%,21%,16%,18%,25%,25%,26%,20%
,Actual,,La India - Contractors, ,,,,,,,,,,,,,,,,,,,,,,,,,,,,,,,,,,,,9%,13%,16%,10%,8%,9%,6%,8%,8%,10%,15%,15%,7%,8%,11%,15%,13%,9%,10%,9%,7%,8%,9%,12%,7%,10%,5%,8%,7%,7%,8%,7%,8%,8%,10%,9%,7%,9%,7%,10%,9%,10%,10%
,Actual,,La India - Energy, ,,,,,,,,,,,,,,,,,,,,,,,,,,,,,,,,,,,,34%,34%,21%,21%,18%,22%,17%,15%,16%,16%,16%,14%,18%,18%,21%,18%,20%,17%,20%,20%,22%,21%,21%,18%,22%,15%,18%,17%,19%,20%,20%,16%,18%,18%,19%,17%,20%,22%,23%,15%,17%,18%,21%
,Actual,,La India - Chemical, ,,,,,,,,,,,,,,,,,,,,,,,,,,,,,,,,,,,,8%,8%,10%,5%,6%,9%,13%,10%,12%,11%,19%,16%,13%,13%,21%,19%,19%,18%,23%,23%,23%,20%,17%,19%,17%,25%,20%,18%,16%,11%,19%,15%,14%,14%,19%,21%,20%,18%,16%,19%,29%,26%,30%
,Actual,,La India - Consumables/Other, ,,,,,,,,,,,,,,,,,,,,,,,,,,,,,,,,,,,,5%,11%,28%,34%,48%,39%,47%,48%,45%,46%,32%,40%,45%,42%,29%,33%,30%,41%,31%,32%,32%,33%,36%,35%,38%,38%,39%,40%,41%,44%,33%,48%,43%,43%,37%,38%,32%,35%,36%,31%,20%,20%,19%
,Actual,Bold,La India - Total, ,,,,,,,,,,,,,,,,,,,,,,,,,,,,,,,,,,,,100%,100%,100%,100%,100%,100%,100%,100%,100%,100%,100%,100%,100%,100%,100%,100%,100%,100%,100%,100%,100%,100%,100%,100%,100%,100%,100%,100%,100%,100%,100%,100%,100%,100%,100%,100%,100%,100%,100%,100%,100%,100%,100%
,Actual,,LZ5 - Labour, ,,,,,,,,,,,,,,,,,,,,,,,,,,,,,,,,,,,,,,,,,,,,,,,,,,,,,15%,13%,14%,13%,12%,12%,13%,13%,14%,12%,14%,14%,14%,16%,14%,21%,23%,25%,21%,24%,25%,25%,26%,27%,25%,24%
,Actual,,LZ5 - Contractors, ,,,,,,,,,,,,,,,,,,,,,,,,,,,,,,,,,,,,,,,,,,,,,,,,,,,,,52%,45%,46%,35%,38%,38%,39%,36%,34%,35%,35%,34%,33%,35%,28%,24%,20%,33%,26%,28%,26%,29%,25%,24%,28%,25%
,Actual,,LZ5 - Energy, ,,,,,,,,,,,,,,,,,,,,,,,,,,,,,,,,,,,,,,,,,,,,,,,,,,,,,9%,7%,8%,9%,7%,8%,6%,7%,6%,6%,6%,6%,5%,6%,5%,7%,8%,7%,7%,7%,5%,5%,6%,5%,5%,5%
,Actual,,LZ5 - Chemical, ,,,,,,,,,,,,,,,,,,,,,,,,,,,,,,,,,,,,,,,,,,,,,,,,,,,,,3%,4%,4%,9%,7%,7%,7%,8%,6%,6%,6%,7%,7%,7%,5%,6%,5%,6%,3%,3%,2%, -   , -   , -   , -   ,2%
,Actual,,LZ5 - Consumables/Other, ,,,,,,,,,,,,,,,,,,,,,,,,,,,,,,,,,,,,,,,,,,,,,,,,,,,,,21%,31%,28%,34%,36%,35%,35%,36%,40%,41%,39%,39%,41%,36%,48%,42%,44%,29%,43%,38%,42%,41%,43%,44%,42%,44%
,Actual,Bold,LZ5 - Total, ,,,,,,,,,,,,,,,,,,,,,,,,,,,,,,,,,,,,,,,,,,,,,,,,,,,,,100%,100%,100%,100%,100%,100%,100%,100%,100%,100%,100%,100%,100%,100%,100%,100%,100%,100%,100%,100%,100%,100%,100%,100%,100%,100%
,Actual,,Meliadine - Labour, ,,,,,,,,,,,,,,,,,,,,,,,,,,,,,,,,,,,,,,,,,,,,,,,,,,,,,,,,,35%,26%,26%,35%,29%,22%,26%,28%,28%,32%,23%,27%,28%,28%,27%,27%,27%,24%,26%,26%,27%,26%
,Actual,,Meliadine - Contractors, ,,,,,,,,,,,,,,,,,,,,,,,,,,,,,,,,,,,,,,,,,,,,,,,,,,,,,,,,,24%,21%,22%,22%,25%,25%,25%,27%,26%,27%,18%,21%,20%,30%,21%,23%,23%,21%,22%,23%,24%,23%
,Actual,,Meliadine - Energy, ,,,,,,,,,,,,,,,,,,,,,,,,,,,,,,,,,,,,,,,,,,,,,,,,,,,,,,,,,3%,2%,2%,2%,1%,1%,2%,2%,2%,2%,2%,11%,8%,10%,13%,16%,11%,9%,11%,13%,10%,9%
,Actual,,Meliadine - Chemical, ,,,,,,,,,,,,,,,,,,,,,,,,,,,,,,,,,,,,,,,,,,,,,,,,,,,,,,,,,4%,3%,3%,2%,3%,3%,3%,3%,3%,3%,2%,2%,2%,3%,2%,2%,2%,3%,2%,2%,3%,3%
,Actual,,Meliadine - Consumables/Other, ,,,,,,,,,,,,,,,,,,,,,,,,,,,,,,,,,,,,,,,,,,,,,,,,,,,,,,,,,34%,48%,47%,39%,42%,49%,44%,40%,41%,36%,55%,39%,42%,29%,37%,32%,37%,43%,39%,36%,36%,39%
,Actual,Bold,Meliadine - Total, ,,,,,,,,,,,,,,,,,,,,,,,,,,,,,,,,,,,,,,,,,,,,,,,,,,,,,,,,,100%,100%,100%,100%,100%,100%,100%,100%,100%,100%,100%,100%,100%,100%,100%,100%,100%,100%,100%,100%,100%,100%
,Actual,,Detour Lake - Labour, ,,,,,,,,,,,,,,,,,,,,,,,,,,,,,,,,,,,,,,,,,,,,,,,,,,,,,,,,,,,,,,,,,,,,26%,20%,18%,18%,22%,23%,21%,20%,22%,23%,21%
,Actual,,Detour Lake - Contractors, ,,,,,,,,,,,,,,,,,,,,,,,,,,,,,,,,,,,,,,,,,,,,,,,,,,,,,,,,,,,,,,,,,,,,9%,13%,14%,12%,13%,14%,18%,16%,15%,15%,20%
,Actual,,Detour Lake - Energy, ,,,,,,,,,,,,,,,,,,,,,,,,,,,,,,,,,,,,,,,,,,,,,,,,,,,,,,,,,,,,,,,,,,,,26%,19%,21%,19%,18%,14%,16%,17%,17%,15%,15%
,Actual,,Detour Lake - Chemical, ,,,,,,,,,,,,,,,,,,,,,,,,,,,,,,,,,,,,,,,,,,,,,,,,,,,,,,,,,,,,,,,,,,,,0%,5%,6%,5%,9%,10%,8%,9%,9%,10%,10%
,Actual,,Detour Lake - Consumables/Other, ,,,,,,,,,,,,,,,,,,,,,,,,,,,,,,,,,,,,,,,,,,,,,,,,,,,,,,,,,,,,,,,,,,,,39%,43%,41%,46%,38%,39%,37%,38%,37%,37%,34%
,Actual,Bold,Detour Lake - Total, ,,,,,,,,,,,,,,,,,,,,,,,,,,,,,,,,,,,,,,,,,,,,,,,,,,,,,,,,,,,,,,,,,,,,100%,100%,100%,100%,100%,100%,100%,100%,100%,100%,100%
,Actual,,Macassa - Labour, ,,,,,,,,,,,,,,,,,,,,,,,,,,,,,,,,,,,,,,,,,,,,,,,,,,,,,,,,,,,,,,,,,,,,54%,46%,42%,42%,42%,45%,43%,43%,44%,48%,47%
,Actual,,Macassa - Contractors, ,,,,,,,,,,,,,,,,,,,,,,,,,,,,,,,,,,,,,,,,,,,,,,,,,,,,,,,,,,,,,,,,,,,,7%,10%,9%,12%,10%,13%,13%,12%,13%,12%,13%
,Actual,,Macassa - Energy, ,,,,,,,,,,,,,,,,,,,,,,,,,,,,,,,,,,,,,,,,,,,,,,,,,,,,,,,,,,,,,,,,,,,,7%,6%,7%,6%,6%,6%,6%,5%,5%,4%,6%
,Actual,,Macassa - Chemical, ,,,,,,,,,,,,,,,,,,,,,,,,,,,,,,,,,,,,,,,,,,,,,,,,,,,,,,,,,,,,,,,,,,,,0%,1%,1%,1%,2%,3%,2%,2%,2%,2%,2%
,Actual,,Macassa - Consumables/Other, ,,,,,,,,,,,,,,,,,,,,,,,,,,,,,,,,,,,,,,,,,,,,,,,,,,,,,,,,,,,,,,,,,,,,32%,37%,41%,39%,40%,33%,36%,38%,36%,34%,32%
,Actual,Bold,Macassa - Total, ,,,,,,,,,,,,,,,,,,,,,,,,,,,,,,,,,,,,,,,,,,,,,,,,,,,,,,,,,,,,,,,,,,,,100%,100%,100%,100%,100%,100%,100%,100%,100%,100%,100%
,Actual,,Fosterville - Labour, ,,,,,,,,,,,,,,,,,,,,,,,,,,,,,,,,,,,,,,,,,,,,,,,,,,,,,,,,,,,,,,,,,,,,37%,26%,37%,40%,41%,41%,39%,41%,42%,31%,32%
,Actual,,Fosterville - Contractors, ,,,,,,,,,,,,,,,,,,,,,,,,,,,,,,,,,,,,,,,,,,,,,,,,,,,,,,,,,,,,,,,,,,,,15%,7%,11%,11%,11%,11%,11%,10%,11%,10%,13%
,Actual,,Fosterville - Energy, ,,,,,,,,,,,,,,,,,,,,,,,,,,,,,,,,,,,,,,,,,,,,,,,,,,,,,,,,,,,,,,,,,,,,7%,6%,10%,9%,9%,8%,9%,9%,9%,7%,7%
,Actual,,Fosterville - Chemical, ,,,,,,,,,,,,,,,,,,,,,,,,,,,,,,,,,,,,,,,,,,,,,,,,,,,,,,,,,,,,,,,,,,,,0%,0%,1%,1%,2%,2%,2%,2%,2%,3%,4%
,Actual,,Fosterville - Consumables/Other, ,,,,,,,,,,,,,,,,,,,,,,,,,,,,,,,,,,,,,,,,,,,,,,,,,,,,,,,,,,,,,,,,,,,,41%,61%,41%,39%,37%,38%,39%,38%,36%,49%,44%
,Actual,Bold,Fosterville - Total, ,,,,,,,,,,,,,,,,,,,,,,,,,,,,,,,,,,,,,,,,,,,,,,,,,,,,,,,,,,,,,,,,,,,,100%,100%,100%,100%,100%,100%,100%,100%,100%,100%,100%
,,, , ,,,,,,,,,,,,,,,,,,,,,,,,,,,,,,,,,,,,,,,,,,,,,,,,,,,,,,,,,,,,,,,,,,,,,,,,,,,,,,
,Actual,,AEM Total - Labour, ,,,,,,,,,,,,,,,,,,,37%,31%,34%,33%,32%,32%,33%,32%,30%,33%,33%,32%,32%,36%,34%,32%,33%,33%,39%,41%,31%,32%,31%,29%,29%,31%,31%,27%,31%,31%,31%,30%,30%,28%,28%,28%,29%,31%,30%,26%,27%,29%,27%,23%,27%,28%,27%,31%,24%,27%,27%,27%,26%,27%,28%,26%,27%,28%,28%,26%
,Actual,,AEM Total - Contractors, ,,,,,,,,,,,,,,,,,,,19%,18%,16%,15%,15%,12%,11%,11%,10%,8%,8%,8%,9%,10%,12%,11%,9%,11%,14%,12%,10%,11%,11%,11%,11%,14%,15%,14%,15%,14%,14%,15%,16%,13%,15%,15%,15%,16%,21%,19%,19%,18%,21%,20%,22%,20%,19%,20%,14%,18%,15%,24%,16%,17%,17%,17%,19%,18%,18%,19%
,Actual,,AEM Total - Energy, ,,,,,,,,,,,,,,,,,,,10%,11%,13%,12%,13%,13%,12%,12%,13%,14%,13%,13%,14%,14%,13%,13%,15%,18%,17%,16%,14%,16%,14%,12%,12%,13%,12%,10%,12%,13%,11%,11%,12%,11%,10%,10%,11%,12%,9%,9%,9%,10%,8%,7%,8%,8%,7%,9%,8%,11%,13%,12%,14%,14%,12%,11%,11%,13%,12%,12%
,Actual,,AEM Total - Chemical, ,,,,,,,,,,,,,,,,,,,11%,7%,8%,7%,7%,7%,6%,7%,6%,7%,6%,7%,7%,7%,6%,7%,6%,7%,8%,8%,7%,7%,7%,8%,8%,7%,7%,7%,8%,7%,7%,8%,8%,7%,7%,7%,8%,7%,6%,6%,6%,6%,6%,6%,5%,6%,5%,7%,5%,5%,5%,6%,5%,6%,6%,6%,6%,5%,6%,6%
,Actual,,AEM Total - Consumables/Other, ,,,,,,,,,,,,,,,,,,,23%,33%,29%,33%,33%,36%,38%,38%,41%,38%,40%,40%,38%,33%,35%,37%,37%,31%,22%,23%,38%,34%,37%,40%,40%,35%,35%,42%,34%,35%,37%,36%,34%,41%,40%,40%,37%,34%,34%,40%,39%,37%,38%,44%,38%,38%,42%,33%,49%,39%,40%,31%,39%,36%,37%,40%,37%,36%,36%,37%
,Actual,Bold,AEM Total - Total, ,,,,,,,,,,,,,,,,,,,100%,100%,100%,100%,100%,100%,100%,100%,100%,100%,100%,100%,100%,100%,100%,100%,100%,100%,100%,100%,100%,100%,100%,100%,100%,100%,100%,100%,100%,100%,100%,100%,100%,100%,100%,100%,100%,100%,100%,100%,100%,100%,100%,100%,100%,100%,100%,100%,100%,100%,100%,100%,100%,100%,100%,100%,100%,100%,100%,100%
,,Abstract Bold Color,Realized Prices Reconciliation, ,,,,,,,,,,,,,,,,,,,,,,,,,,,,,,,,,,,,,,,,,,,,,,,,,,,,,,,,,,,,,,,,,,,,,,,,,,,,,,
,,Abstract Bold,Gold, ,,,,,,,,,,,,,,,,,,,,,,,,,,,,,,,,,,,,,,,,,,,,,,,,,,,,,,,,,,,,,,,,,,,,,,,,,,,,,,
$,Actual,,Market Avg ($/oz), ,,,,,623,621,618,650,668,681,788,927,896,870,795,909,922,960,"1,102","1,109","1,192","1,227","1,367","1,384","1,504","1,700","1,686","1,691","1,611","1,655","1,719","1,630","1,414","1,328","1,272","1,294","1,289","1,282","1,200","1,219","1,193","1,124","1,104","1,181","1,259","1,335","1,218","1,219","1,257","1,278","1,274","1,329","1,306","1,213","1,228","1,304","1,310","1,474","1,480","1,583","1,711","1,911","1,873","1,794","1,816","1,789","1,795","1,874","1,872","1,728","1,729","1,889","1,978","1,928","1,971","2,071","2,337","2,477"
$,Actual,,Settle Gain (Loss) ($/oz), ,,,,,70,-20,-23,17,-1,65,111,123,-56,35,-4,57,39,-21,40,-7,66,-23,20,12,15,11,-4,-3,-8,31,-30,-3,-55,4,-7,-1,-1,-5,3,-4,2, -   , -   , -   ,1, -   , -   , -   ,1,-1,1, -   ,,2, -   ,1, -   , -   , -   , -   ,-2,2, -   ,2,1, -   ,-1, -   , -   ,2, -   , -   , -   , -   ,4, -   , -   ,-1
$,Actual,,Mark-To-Market ($/oz), ,,,,,-6.00,-1.00,-1.00,2.00,1.00,2.00,-4.00,39.00,-36.00,-2.00,-2.00,3.00,1.00, -   ,11.00,9.00,-36.00,31.00, -   ,4.00,11.00,6.00,-41.00,-4.00,-1.00,9.00,-5.00,-16.00,-23.00,1.00,-21.00,15.00,3.00,-28.00,-1.00,-13.00,1.00,-5.00,-10.00,11.00,8.00,-3.00,-22.00,4.00,2.00,5.00,4.00,3.00,-13.00,-11.00,7.00,-2.00,8.00,6.00,9.00,-4.00,17.00,-2.00,3.00,-16.00,-3.00,-2.00,1.00,6.00,-6.00,-4.43,-1.26,3.23,-2.48,-0.42,6.66,-9.12,4.51,16.10
$,Actual,,Realized Price ($/oz), ,,,,611,687,600,594,669,668,748,895,"1,089",804,903,789,969,962,939,"1,153","1,111","1,222","1,235","1,387","1,400","1,530","1,717","1,641","1,684","1,602","1,695","1,684","1,611","1,336","1,333","1,244","1,308","1,291","1,249","1,202","1,202","1,196","1,119","1,094","1,192","1,268","1,332","1,196","1,223","1,260","1,282","1,279","1,332","1,293","1,204","1,235","1,303","1,318","1,480","1,489","1,579","1,726","1,911","1,876","1,780","1,814","1,787","1,795","1,880","1,866","1,726","1,728","1,892","1,975","1,928","1,982","2,062","2,342","2,492"
,,Abstract Bold,Silver, ,,,,,,,,,,,,,,,,,,,,,,,,,,,,,,,,,,,,,,,,,,,,,,,,,,,,,,,,,,,,,,,,,,,,,,,,,,,,,,
$,Actual,,Market Avg ($/oz), ,,,,,11.29,11.71,13.05,13.28,13.34,12.70,14.22,17.68,17.17,15.03,10.20,12.61,13.73,14.70,17.57,16.92,18.32,18.96,26.43,31.66,38.17,38.79,31.82,32.62,29.42,29.91,32.64,29.55,23.00,21.37,20.76,20.49,19.62,19.74,16.47,16.72,16.41,14.91,14.76,14.83,16.78,19.62,17.18,17.42,17.26,16.83,16.70,16.77,16.53,14.99,14.55,15.57,14.89,17.02,17.30,16.94,16.33,24.39,24.39,26.26,26.69,24.35,23.32,23.94,22.65,19.22,21.20,22.56,24.18,23.57,23.20,23.34,28.86,29.42
$,Actual,,Settle Gain (Loss) ($/oz), ,,,,,2.17,0.63,0.31,0.46,0.10,0.01,0.24,0.06,0.16,0.01,-0.33,-0.14,0.12,0.04,0.12,-0.80,0.62, -   ,-0.47,1.53,1.10,1.60,-1.36,-0.19,-1.09,1.75,0.05, -   ,-2.72,0.17,-0.11,0.07,0.69,0.17,0.55,0.10,-0.30,-0.06,0.08,0.01,0.01,-0.06,-0.11,-0.13,0.08,0.43,0.31,0.31, -   ,-0.10,-0.04,0.21, -   ,0.19,0.14,0.08,0.10,1.05,0.14,0.56,0.28,-0.33,-0.13,0.16,-0.08,-0.40,0.42,0.24,0.22,-0.12,-0.10,-0.26,0.32,-0.20
$,Actual,,Mark-To-Market ($/oz), ,,,,,-0.40,0.05,0.02,0.08,-0.16,0.08,-0.06,2.17,-0.77,-1.17,-0.65,1.06,0.47,0.85,1.48,1.75,0.35,1.57,6.00,2.91,-0.74,-3.02,-3.62,2.03,-2.00,2.25,-1.44,-0.85,-1.67,0.30,-0.45,0.20,-0.86,-2.03,-1.40,0.20,0.30,0.08,-0.28,0.25,0.42,-0.04,-0.31,0.33,-0.31,-0.35,0.29,-0.32,-0.10,-0.69,0.02,-0.13,-0.06,0.25,0.11,-1.28,0.48,-0.09,-0.04,-0.69,0.04,-0.48,-0.11,0.01,-0.36,-0.14,-0.11,0.15,0.03,0.10,0.78,0.72,0.91,1.47
$,Actual,,Realized Price ($/oz), ,,,,11.00,13.06,12.39,13.38,13.82,13.28,12.79,14.40,19.91,16.56,13.87,9.22,13.53,14.32,15.59,19.17,17.87,19.29,20.53,31.96,36.10,38.53,37.37,26.84,34.46,26.33,33.91,31.25,28.70,18.61,21.84,20.20,20.76,19.45,17.88,15.62,17.02,16.41,14.93,14.56,15.09,17.21,19.52,16.76,17.62,17.03,16.91,17.30,16.76,16.43,14.20,14.53,15.65,14.83,17.46,17.55,15.74,16.91,25.35,24.49,26.13,27.01,23.54,23.08,24.11,22.21,18.68,21.51,22.95,24.43,23.55,23.88,24.16,30.09,30.69
,,Abstract Bold,Zinc, ,,,,,,,,,,,,,,,,,,,,,,,,,,,,,,,,,,,,,,,,,,,,,,,,,,,,,,,,,,,,,,,,,,,,,,,,,,,,,,
$,Actual,,Market Avg ($/t), ,,,,,"3,285","3,350","4,275","3,458","3,685","3,226","2,622","2,429","2,113","1,770","1,185","1,180","1,473","1,761","2,213","2,288","2,026","2,013","2,314","2,395","2,254","2,226","1,897","2,024","1,927","1,889","1,951","2,032","1,840","1,859","1,908","2,029","2,073","2,311","2,235","2,081","2,081","1,843","1,611","1,676","1,915","2,253","2,371","2,781","2,598","2,962","3,234","3,422","3,114","2,534","2,401","2,704","2,763","2,345","2,384","2,128","1,959","2,340","2,631","2,748","2,916","2,991","3,365","3,743","3,925","3,269","3,004","3,130","2,540","2,429","2,498","2,449","2,833","2,779"
$,Actual,,Settle Gain (Loss) ($/t), ,,,,,82.00,173.00,251.00,87.00,-221.00,-83.00,-430.00,-210.00,-49.00, -   ,-710.00,-205.00,151.00,105.00,214.00,275.00,-109.00,241.00,111.00,304.00,23.00,66.00,-258.00,62.00,22.00,-180.00,29.00,13.00,-113.00,2.00,4.00,84.00,5.00,3.00,66.00,-99.00,-275.00,29.00,-62.00,-185.00,-46.00,17.00,27.00,126.00, -   ,82.00,-291.00,-55.00,-125.00,71.00,546.00,314.00,23.00,273.00,373.00, -   ,"1,141.00",-72.00,-41.00,-21.00,6.00,-200.00,-19.00,-731.00,-97.00,154.48,454.35,119.70,-20.61,-61.00,278.74,-14.69,-29.74,-68.64
$,Actual,,Mark-To-Market ($/t), ,,,,,418,2,114,-747,486,-305,121,311,-336,-103,188,238,74,66,79,-328,-27,-103,-34,-190,-20,-126,254,39,-48,127,-74,-43,26,13,46,-86,64,51,-85,90,425,37,53,49,-17,-100,-52,-125,44,-264,272,72,155,10,-379,-345,25,-203,-359,89,"-1,181",35,74,16,-79,176,-89,468,119,12,-479,-81,-176,-8,-274,19,-11,19
$,Actual,,Realized Price ($/t), ,,,,"2,640","3,785","3,525","4,640","2,798","3,950","2,838","2,313","2,530","1,728","1,667",663,"1,213","1,698","1,932","2,506","2,235","1,890","2,151","2,391","2,509","2,257","2,166","1,893","2,125","1,901","1,836","1,906","2,002","1,753","1,874","1,958","2,027","2,142","2,365","2,216","2,072","2,231","1,909","1,602","1,540","1,852","2,170","2,346","2,782","2,642","2,780","3,215","3,439","3,144","2,615","2,568","2,673","2,811","2,415","2,398","2,217","1,920","2,303","2,664","2,743","2,843","2,967","3,257","3,480","3,947","3,435","2,979","3,169","2,343","2,360","2,503","2,453","2,792","2,729"
,,Abstract Bold,Copper, ,,,,,,,,,,,,,,,,,,,,,,,,,,,,,,,,,,,,,,,,,,,,,,,,,,,,,,,,,,,,,,,,,,,,,,,,,,,,,,
$,Actual,,Market Avg ($/t), ,,,,,"7,430","7,430","6,930","5,965","7,645","7,710","7,187","7,795","8,442","7,679","3,904","3,428","4,662","5,858","6,648","7,232","7,027","7,242","8,636","9,651","9,152","8,991","7,489","8,307","7,866","7,716","7,908","7,927","7,145","7,079","7,152","7,038","6,787","6,992","6,622","5,814","6,054","5,251","4,886","4,668","4,730","4,773","5,280","5,834","5,663","6,347","6,808","6,959","6,872","6,103","6,168","6,220","6,114","5,798","5,888","5,638","5,341","6,521","7,174","8,479","9,711","9,372","9,698","9,985","9,526","7,742","8,006","8,930","8,478","8,356","8,169","8,444","9,751","9,204"
$,Actual,,Settle Gain (Loss) ($/t), ,,,,,"3,500.00",-468.00,-739.00,-873.00,-1.00, -   , -   , -   , -   ,-2.00,2.00, -   , -   , -   , -   , -   , -   , -   , -   , -   , -   ,-3.00,-5.00,-24.00,-621.00,377.00,-1.00, -   ,65.00,1.00,10.00,10.00, -   ,5.00,1.00, -   ,1.00, -   ,30.00,4.00,18.00, -   , -   ,-103.00,34.00,"-1,645.00",-35.00,-10.00,-55.00,2.00,-67.00,-51.00,-4.00, -   , -   ,-3.00,-13.00,3.00, -   ,2.00,2.00, -   , -   ,-1.00,2.00,1.61,-7.42,9.43, -   ,63.00,-1.35,-73.01,-389.49,182.14
$,Actual,,Mark-To-Market ($/t), ,,,,,"3,971",-119,-132,998,636,200,"-1,053","2,764",92,-946,"4,280",682,"1,170","1,722",821,56,-446,"1,447","1,675",376,-587,-427,-322,722,-790,953,-240,-357,-659,250,113,-662,106,503,-662,-758,219,-713,-348,-375,-34,46,298,546,-37,"1,710",33,252,-57,-205,25,-82,-74,-229,60,-225,-255,448,124,477,"1,189",-341,422,259,-575,"-2,069",207,"1,174",-580,-196,-170,360,-170,-403
$,Actual,,Realized Price ($/t), ,,,,"5,812","14,901","6,843","6,059","6,090","8,280","7,910","6,134","10,559","8,534","6,731","8,186","4,110","5,832","7,580","7,469","7,288","6,581","8,689","10,311","10,027","8,565","8,561","7,162","9,005","6,455","9,046","7,667","7,570","6,551","7,330","7,275","6,386","6,893","7,500","5,961","5,056","6,274","4,538","4,568","4,297","4,714","4,819","5,578","6,277","5,660","6,412","6,806","7,201","6,760","5,900","6,126","6,087","6,036","5,569","5,948","5,410","5,074","6,972","7,298","8,958","10,902","9,031","10,120","10,243","8,953","5,675","8,206","10,113","7,898","8,223","7,998","8,731","9,192","8,983"
